Model,QLIKE,RMSE,MAE
Random Forest,0.2733752189365124,0.5112944311082566,0.3507437778878677
